INSERT INTO tournaments (id, name, year, location)
VALUES ('worlds2015', 'World Championship', 2015, 'Europe');

-- Teams in Worlds 2015:

-- AHQ

INSERT INTO teams (id, region, name)
VALUES ('AHQ', 'LMS', 'ahq e-Sports Club');

INSERT INTO participates (tournamentID, teamID, stageReached)
VALUES ('worlds2015', 'AHQ', 'quarterfinals');


INSERT INTO players
VALUES ('Ziv', date('1980-01-01'));

INSERT INTO players
VALUES ('Mountain', date('1980-01-01'));

INSERT INTO players
VALUES ('Westdoor', date('1980-01-01'));

INSERT INTO players
VALUES ('An', date('1980-01-01'));

INSERT INTO players
VALUES ('Albis', date('1980-01-01'));


INSERT INTO registers (summonerName, teamID, dateJoined, dateLeft)
VALUES ('Ziv', 'AHQ', date('1980-01-01'), date('1980-01-02'));

INSERT INTO registers (summonerName, teamID, dateJoined, dateLeft)
VALUES ('Mountain', 'AHQ', date('1980-01-01'), date('1980-01-02'));

INSERT INTO registers (summonerName, teamID, dateJoined, dateLeft)
VALUES ('Westdoor', 'AHQ', date('1980-01-01'), date('1980-01-02'));

INSERT INTO registers (summonerName, teamID, dateJoined, dateLeft)
VALUES ('An', 'AHQ', date('1980-01-01'), date('1980-01-02'));

INSERT INTO registers (summonerName, teamID, dateJoined, dateLeft)
VALUES ('Albis', 'AHQ', date('1980-01-01'), date('1980-01-02'));


--Bangkok Titans

INSERT INTO teams (id, region, name)
VALUES ('BKT', 'IWC', 'Bangkok Titans');

INSERT INTO participates (tournamentID, teamID, stageReached)
VALUES ('worlds2015', 'BKT', 'groups');


INSERT INTO players
VALUES ('WarL0ck', date('1980-01-01'));

INSERT INTO players
VALUES ('007x', date('1980-01-01'));

INSERT INTO players
VALUES ('G4', date('1980-01-01'));

INSERT INTO players
VALUES ('Lloyd', date('1980-01-01'));

INSERT INTO players
VALUES ('Moss', date('1980-01-01'));


INSERT INTO registers (summonerName, teamID, dateJoined, dateLeft)
VALUES ('WarL0ck', 'BKT', date('1980-01-01'), date('1980-01-02'));

INSERT INTO registers (summonerName, teamID, dateJoined, dateLeft)
VALUES ('007x', 'BKT', date('1980-01-01'), date('1980-01-02'));

INSERT INTO registers (summonerName, teamID, dateJoined, dateLeft)
VALUES ('G4', 'BKT', date('1980-01-01'), date('1980-01-02'));

INSERT INTO registers (summonerName, teamID, dateJoined, dateLeft)
VALUES ('Lloyd', 'BKT', date('1980-01-01'), date('1980-01-02'));

INSERT INTO registers (summonerName, teamID, dateJoined, dateLeft)
VALUES ('Moss', 'BKT', date('1980-01-01'), date('1980-01-02'));


-- Cloud 9

INSERT INTO teams (id, region, name)
VALUES ('C9', 'NA', 'Cloud 9');

INSERT INTO participates (tournamentID, teamID, stageReached)
VALUES ('worlds2015', 'C9', 'groups');


INSERT INTO players
VALUES ('Balls', date('1980-01-01'));

INSERT INTO players
VALUES ('Hai', date('1980-01-01'));

INSERT INTO players
VALUES ('Incarnati0n', date('1980-01-01'));

INSERT INTO players
VALUES ('Sneaky', date('1980-01-01'));

INSERT INTO players
VALUES ('LemonNation', date('1980-01-01'));


INSERT INTO registers (summonerName, teamID, dateJoined, dateLeft)
VALUES ('Balls', 'C9', date('1980-01-01'), date('1980-01-02'));

INSERT INTO registers (summonerName, teamID, dateJoined, dateLeft)
VALUES ('Hai', 'C9', date('1980-01-01'), date('1980-01-02'));

INSERT INTO registers (summonerName, teamID, dateJoined, dateLeft)
VALUES ('Incarnati0n', 'C9', date('1980-01-01'), date('1980-01-02'));

INSERT INTO registers (summonerName, teamID, dateJoined, dateLeft)
VALUES ('Sneaky', 'C9', date('1980-01-01'), date('1980-01-02'));

INSERT INTO registers (summonerName, teamID, dateJoined, dateLeft)
VALUES ('LemonNation', 'C9', date('1980-01-01'), date('1980-01-02'));

-- Counter Logic Gaming

INSERT INTO teams (id, region, name)
VALUES ('CLG', 'NA', 'Counter Logic Gaming');

INSERT INTO participates (tournamentID, teamID, stageReached)
VALUES ('worlds2015', 'CLG', 'groups');


INSERT INTO players
VALUES ('ZionSpartan', date('1980-01-01'));

INSERT INTO players
VALUES ('Xmithie', date('1980-01-01'));

INSERT INTO players
VALUES ('Pobelter', date('1980-01-01'));

INSERT INTO players
VALUES ('Doublelift', date('1980-01-01'));

INSERT INTO players
VALUES ('Aphromoo', date('1980-01-01'));


INSERT INTO registers (summonerName, teamID, dateJoined, dateLeft)
VALUES ('ZionSpartan', 'CLG', date('1980-01-01'), date('1980-01-02'));

INSERT INTO registers (summonerName, teamID, dateJoined, dateLeft)
VALUES ('Xmithie', 'CLG', date('1980-01-01'), date('1980-01-02'));

INSERT INTO registers (summonerName, teamID, dateJoined, dateLeft)
VALUES ('Pobelter', 'CLG', date('1980-01-01'), date('1980-01-02'));

INSERT INTO registers (summonerName, teamID, dateJoined, dateLeft)
VALUES ('Doublelift', 'CLG', date('1980-01-01'), date('1980-01-02'));

INSERT INTO registers (summonerName, teamID, dateJoined, dateLeft)
VALUES ('Aphromoo', 'CLG', date('1980-01-01'), date('1980-01-02'));

--Edward Gaming

INSERT INTO teams (id, region, name)
VALUES ('EDG', 'LPL', 'Edward Gaming');

INSERT INTO participates (tournamentID, teamID, stageReached)
VALUES ('worlds2015', 'EDG', 'quarterfinals');


INSERT INTO players
VALUES ('Koro1', date('1980-01-01'));

INSERT INTO players
VALUES ('Clearlove', date('1980-01-01'));

INSERT INTO players
VALUES ('PawN', date('1980-01-01'));

INSERT INTO players
VALUES ('Deft', date('1980-01-01'));

INSERT INTO players
VALUES ('Meiko', date('1980-01-01'));


INSERT INTO registers (summonerName, teamID, dateJoined, dateLeft)
VALUES ('Koro1', 'EDG', date('1980-01-01'), date('1980-01-02'));

INSERT INTO registers (summonerName, teamID, dateJoined, dateLeft)
VALUES ('Clearlove', 'EDG', date('1980-01-01'), date('1980-01-02'));

INSERT INTO registers (summonerName, teamID, dateJoined, dateLeft)
VALUES ('PawN', 'EDG', date('1980-01-01'), date('1980-01-02'));

INSERT INTO registers (summonerName, teamID, dateJoined, dateLeft)
VALUES ('Deft', 'EDG', date('1980-01-01'), date('1980-01-02'));

INSERT INTO registers (summonerName, teamID, dateJoined, dateLeft)
VALUES ('Meiko', 'EDG', date('1980-01-01'), date('1980-01-02'));

-- Fnatic

INSERT INTO teams (id, region, name)
VALUES ('FNC', 'EU', 'Fnatic');

INSERT INTO participates (tournamentID, teamID, stageReached)
VALUES ('worlds2015', 'FNC', 'semifinals');


INSERT INTO players
VALUES ('Huni', date('1980-01-01'));

INSERT INTO players
VALUES ('Reignover', date('1980-01-01'));

INSERT INTO players
VALUES ('Febiven', date('1980-01-01'));

INSERT INTO players
VALUES ('Rekkles', date('1980-01-01'));

INSERT INTO players
VALUES ('YellOwStaR', date('1980-01-01'));


INSERT INTO registers (summonerName, teamID, dateJoined, dateLeft)
VALUES ('Huni', 'FNC', date('1980-01-01'), date('1980-01-02'));

INSERT INTO registers (summonerName, teamID, dateJoined, dateLeft)
VALUES ('Reignover', 'FNC', date('1980-01-01'), date('1980-01-02'));

INSERT INTO registers (summonerName, teamID, dateJoined, dateLeft)
VALUES ('Febiven', 'FNC', date('1980-01-01'), date('1980-01-02'));

INSERT INTO registers (summonerName, teamID, dateJoined, dateLeft)
VALUES ('Rekkles', 'FNC', date('1980-01-01'), date('1980-01-02'));

INSERT INTO registers (summonerName, teamID, dateJoined, dateLeft)
VALUES ('YellOwStaR', 'FNC', date('1980-01-01'), date('1980-01-02'));

-- Flash Wolves

INSERT INTO teams (id, region, name)
VALUES ('FW', 'LMS', 'Flash Wolves');

INSERT INTO participates (tournamentID, teamID, stageReached)
VALUES ('worlds2015', 'FW', 'quarterfinals');


INSERT INTO players
VALUES ('Steak', date('1980-01-01'));

INSERT INTO players
VALUES ('Karsa', date('1980-01-01'));

INSERT INTO players
VALUES ('Maple', date('1980-01-01'));

INSERT INTO players
VALUES ('NL', date('1980-01-01'));

INSERT INTO players
VALUES ('SwordArt', date('1980-01-01'));


INSERT INTO registers (summonerName, teamID, dateJoined, dateLeft)
VALUES ('Steak', 'FW', date('1980-01-01'), date('1980-01-02'));

INSERT INTO registers (summonerName, teamID, dateJoined, dateLeft)
VALUES ('Karsa', 'FW', date('1980-01-01'), date('1980-01-02'));

INSERT INTO registers (summonerName, teamID, dateJoined, dateLeft)
VALUES ('Maple', 'FW', date('1980-01-01'), date('1980-01-02'));

INSERT INTO registers (summonerName, teamID, dateJoined, dateLeft)
VALUES ('NL', 'FW', date('1980-01-01'), date('1980-01-02'));

INSERT INTO registers (summonerName, teamID, dateJoined, dateLeft)
VALUES ('SwordArt', 'FW', date('1980-01-01'), date('1980-01-02'));


-- H2K

INSERT INTO teams (id, region, name)
VALUES ('H2K', 'EU', 'H2k');

INSERT INTO participates (tournamentID, teamID, stageReached)
VALUES ('worlds2015', 'H2K', 'groups');


INSERT INTO players
VALUES ('Odoamne', date('1980-01-01'));

INSERT INTO players
VALUES ('loulex', date('1980-01-01'));

INSERT INTO players
VALUES ('Ryu', date('1980-01-01'));

INSERT INTO players
VALUES ('Hjarnan', date('1980-01-01'));

INSERT INTO players
VALUES ('KaSing', date('1980-01-01'));


INSERT INTO registers (summonerName, teamID, dateJoined, dateLeft)
VALUES ('Odoamne', 'H2K', date('1980-01-01'), date('1980-01-02'));

INSERT INTO registers (summonerName, teamID, dateJoined, dateLeft)
VALUES ('loulex', 'H2K', date('1980-01-01'), date('1980-01-02'));

INSERT INTO registers (summonerName, teamID, dateJoined, dateLeft)
VALUES ('Ryu', 'H2K', date('1980-01-01'), date('1980-01-02'));

INSERT INTO registers (summonerName, teamID, dateJoined, dateLeft)
VALUES ('Hjarnan', 'H2K', date('1980-01-01'), date('1980-01-02'));

INSERT INTO registers (summonerName, teamID, dateJoined, dateLeft)
VALUES ('KaSing', 'H2K', date('1980-01-01'), date('1980-01-02'));

-- Invictus Gaming

INSERT INTO teams (id, region, name)
VALUES ('IG', 'LPL', 'Invictus Gaming');

INSERT INTO participates (tournamentID, teamID, stageReached)
VALUES ('worlds2015', 'IG', 'groups');


INSERT INTO players
VALUES ('Zzitai', date('1980-01-01'));

INSERT INTO players
VALUES ('KaKAO', date('1980-01-01'));

INSERT INTO players
VALUES ('RooKie', date('1980-01-01'));

INSERT INTO players
VALUES ('Kid', date('1980-01-01'));

INSERT INTO players
VALUES ('Kitties', date('1980-01-01'));


INSERT INTO registers (summonerName, teamID, dateJoined, dateLeft)
VALUES ('Zzitai', 'IG', date('1980-01-01'), date('1980-01-02'));

INSERT INTO registers (summonerName, teamID, dateJoined, dateLeft)
VALUES ('KaKAO', 'IG', date('1980-01-01'), date('1980-01-02'));

INSERT INTO registers (summonerName, teamID, dateJoined, dateLeft)
VALUES ('RooKie', 'IG', date('1980-01-01'), date('1980-01-02'));

INSERT INTO registers (summonerName, teamID, dateJoined, dateLeft)
VALUES ('Kid', 'IG', date('1980-01-01'), date('1980-01-02'));

INSERT INTO registers (summonerName, teamID, dateJoined, dateLeft)
VALUES ('Kitties', 'IG', date('1980-01-01'), date('1980-01-02'));

-- Koo Tigers

INSERT INTO teams (id, region, name)
VALUES ('KOO', 'LCK', 'Koo Tigers');

INSERT INTO participates (tournamentID, teamID, stageReached)
VALUES ('worlds2015', 'KOO', 'finals');


INSERT INTO players
VALUES ('Smeb', date('1980-01-01'));

INSERT INTO players
VALUES ('hojin', date('1980-01-01'));

INSERT INTO players
VALUES ('Kuro', date('1980-01-01'));

INSERT INTO players
VALUES ('PraY', date('1980-01-01'));

INSERT INTO players
VALUES ('GorillA', date('1980-01-01'));


INSERT INTO registers (summonerName, teamID, dateJoined, dateLeft)
VALUES ('Smeb', 'KOO', date('1980-01-01'), date('1980-01-02'));

INSERT INTO registers (summonerName, teamID, dateJoined, dateLeft)
VALUES ('hojin', 'KOO', date('1980-01-01'), date('1980-01-02'));

INSERT INTO registers (summonerName, teamID, dateJoined, dateLeft)
VALUES ('Kuro', 'KOO', date('1980-01-01'), date('1980-01-02'));

INSERT INTO registers (summonerName, teamID, dateJoined, dateLeft)
VALUES ('PraY', 'KOO', date('1980-01-01'), date('1980-01-02'));

INSERT INTO registers (summonerName, teamID, dateJoined, dateLeft)
VALUES ('GorillA', 'KOO', date('1980-01-01'), date('1980-01-02'));

-- KT Rollster

INSERT INTO teams (id, region, name)
VALUES ('KT', 'LCK', 'KT Rollster');

INSERT INTO participates (tournamentID, teamID, stageReached)
VALUES ('worlds2015', 'KT', 'quarterfinals');


INSERT INTO players
VALUES ('Ssumday', date('1980-01-01'));

INSERT INTO players
VALUES ('Score', date('1980-01-01'));

INSERT INTO players
VALUES ('Nagne', date('1980-01-01'));

INSERT INTO players
VALUES ('Arrow', date('1980-01-01'));

INSERT INTO players
VALUES ('Piccaboo', date('1980-01-01'));


INSERT INTO registers (summonerName, teamID, dateJoined, dateLeft)
VALUES ('Ssumday', 'KT', date('1980-01-01'), date('1980-01-02'));

INSERT INTO registers (summonerName, teamID, dateJoined, dateLeft)
VALUES ('Score', 'KT', date('1980-01-01'), date('1980-01-02'));

INSERT INTO registers (summonerName, teamID, dateJoined, dateLeft)
VALUES ('Nagne', 'KT', date('1980-01-01'), date('1980-01-02'));

INSERT INTO registers (summonerName, teamID, dateJoined, dateLeft)
VALUES ('Arrow', 'KT', date('1980-01-01'), date('1980-01-02'));

INSERT INTO registers (summonerName, teamID, dateJoined, dateLeft)
VALUES ('Piccaboo', 'KT', date('1980-01-01'), date('1980-01-02'));

-- LGD Gaming

INSERT INTO teams (id, region, name)
VALUES ('LGD', 'LPL', 'LGD Gaming');

INSERT INTO participates (tournamentID, teamID, stageReached)
VALUES ('worlds2015', 'LGD', 'groups');


INSERT INTO players
VALUES ('Acorn', date('1980-01-01'));

INSERT INTO players
VALUES ('TBQ', date('1980-01-01'));

INSERT INTO players
VALUES ('GODV', date('1980-01-01'));

INSERT INTO players
VALUES ('imp', date('1980-01-01'));

INSERT INTO players
VALUES ('Pyl', date('1980-01-01'));


INSERT INTO registers (summonerName, teamID, dateJoined, dateLeft)
VALUES ('Acorn', 'LGD', date('1980-01-01'), date('1980-01-02'));

INSERT INTO registers (summonerName, teamID, dateJoined, dateLeft)
VALUES ('TBQ', 'LGD', date('1980-01-01'), date('1980-01-02'));

INSERT INTO registers (summonerName, teamID, dateJoined, dateLeft)
VALUES ('GODV', 'LGD', date('1980-01-01'), date('1980-01-02'));

INSERT INTO registers (summonerName, teamID, dateJoined, dateLeft)
VALUES ('imp', 'LGD', date('1980-01-01'), date('1980-01-02'));

INSERT INTO registers (summonerName, teamID, dateJoined, dateLeft)
VALUES ('Pyl', 'LGD', date('1980-01-01'), date('1980-01-02'));

-- Origen

INSERT INTO teams (id, region, name)
VALUES ('OG', 'EU', 'Origen');

INSERT INTO participates (tournamentID, teamID, stageReached)
VALUES ('worlds2015', 'OG', 'semifinals');


INSERT INTO players
VALUES ('sOAZ', date('1980-01-01'));

INSERT INTO players
VALUES ('Amazing', date('1980-01-01'));

INSERT INTO players
VALUES ('xPeke', date('1980-01-01'));

INSERT INTO players
VALUES ('Niels', date('1980-01-01'));

INSERT INTO players
VALUES ('Mithy', date('1980-01-01'));


INSERT INTO registers (summonerName, teamID, dateJoined, dateLeft)
VALUES ('sOAZ', 'OG', date('1980-01-01'), date('1980-01-02'));

INSERT INTO registers (summonerName, teamID, dateJoined, dateLeft)
VALUES ('Amazing', 'OG', date('1980-01-01'), date('1980-01-02'));

INSERT INTO registers (summonerName, teamID, dateJoined, dateLeft)
VALUES ('xPeke', 'OG', date('1980-01-01'), date('1980-01-02'));

INSERT INTO registers (summonerName, teamID, dateJoined, dateLeft)
VALUES ('Niels', 'OG', date('1980-01-01'), date('1980-01-02'));

INSERT INTO registers (summonerName, teamID, dateJoined, dateLeft)
VALUES ('Mithy', 'OG', date('1980-01-01'), date('1980-01-02'));

-- paiN Gaming

INSERT INTO teams (id, region, name)
VALUES ('PAIN', 'IWC', 'paiN Gaming');

INSERT INTO participates (tournamentID, teamID, stageReached)
VALUES ('worlds2015', 'PAIN', 'groups');


INSERT INTO players
VALUES ('Mylon', date('1980-01-01'));

INSERT INTO players
VALUES ('SirT', date('1980-01-01'));

INSERT INTO players
VALUES ('Kami', date('1980-01-01'));

INSERT INTO players
VALUES ('brTT', date('1980-01-01'));

INSERT INTO players
VALUES ('Dioud', date('1980-01-01'));


INSERT INTO registers (summonerName, teamID, dateJoined, dateLeft)
VALUES ('Mylon', 'PAIN', date('1980-01-01'), date('1980-01-02'));

INSERT INTO registers (summonerName, teamID, dateJoined, dateLeft)
VALUES ('SirT', 'PAIN', date('1980-01-01'), date('1980-01-02'));

INSERT INTO registers (summonerName, teamID, dateJoined, dateLeft)
VALUES ('Kami', 'PAIN', date('1980-01-01'), date('1980-01-02'));

INSERT INTO registers (summonerName, teamID, dateJoined, dateLeft)
VALUES ('brTT', 'PAIN', date('1980-01-01'), date('1980-01-02'));

INSERT INTO registers (summonerName, teamID, dateJoined, dateLeft)
VALUES ('Dioud', 'PAIN', date('1980-01-01'), date('1980-01-02'));

-- SK Telecom T1

INSERT INTO teams (id, region, name)
VALUES ('SKT', 'LCK', 'SK Telecom T1');

INSERT INTO participates (tournamentID, teamID, stageReached)
VALUES ('worlds2015', 'SKT', 'finals');


INSERT INTO players
VALUES ('MaRin', date('1980-01-01'));

INSERT INTO players
VALUES ('bengi', date('1980-01-01'));

INSERT INTO players
VALUES ('Faker', date('1980-01-01'));

INSERT INTO players
VALUES ('Bang', date('1980-01-01'));

INSERT INTO players
VALUES ('Wolf', date('1980-01-01'));


INSERT INTO registers (summonerName, teamID, dateJoined, dateLeft)
VALUES ('MaRin', 'SKT', date('1980-01-01'), date('1980-01-02'));

INSERT INTO registers (summonerName, teamID, dateJoined, dateLeft)
VALUES ('bengi', 'SKT', date('1980-01-01'), date('1980-01-02'));

INSERT INTO registers (summonerName, teamID, dateJoined, dateLeft)
VALUES ('Faker', 'SKT', date('1980-01-01'), date('1980-01-02'));

INSERT INTO registers (summonerName, teamID, dateJoined, dateLeft)
VALUES ('Bang', 'SKT', date('1980-01-01'), date('1980-01-02'));

INSERT INTO registers (summonerName, teamID, dateJoined, dateLeft)
VALUES ('Wolf', 'SKT', date('1980-01-01'), date('1980-01-02'));

-- Team SoloMid

INSERT INTO teams (id, region, name)
VALUES ('TSM', 'NA', 'Team SoloMid');

INSERT INTO participates (tournamentID, teamID, stageReached)
VALUES ('worlds2015', 'TSM', 'groups');


INSERT INTO players
VALUES ('Dyrus', date('1980-01-01'));

INSERT INTO players
VALUES ('Santorin', date('1980-01-01'));

INSERT INTO players
VALUES ('Bjergsen', date('1980-01-01'));

INSERT INTO players
VALUES ('WildTurtle', date('1980-01-01'));

INSERT INTO players
VALUES ('Lustboy', date('1980-01-01'));


INSERT INTO registers (summonerName, teamID, dateJoined, dateLeft)
VALUES ('Dyrus', 'TSM', date('1980-01-01'), date('1980-01-02'));

INSERT INTO registers (summonerName, teamID, dateJoined, dateLeft)
VALUES ('Santorin', 'TSM', date('1980-01-01'), date('1980-01-02'));

INSERT INTO registers (summonerName, teamID, dateJoined, dateLeft)
VALUES ('Bjergsen', 'TSM', date('1980-01-01'), date('1980-01-02'));

INSERT INTO registers (summonerName, teamID, dateJoined, dateLeft)
VALUES ('WildTurtle', 'TSM', date('1980-01-01'), date('1980-01-02'));

INSERT INTO registers (summonerName, teamID, dateJoined, dateLeft)
VALUES ('Lustboy', 'TSM', date('1980-01-01'), date('1980-01-02'));


-- Group stage:

-- AHQ vs BKT:

INSERT INTO series (id, bestOfCount)
VALUES (1, 1);

INSERT INTO organizes (tournamentID, seriesID, stage)
VALUES ('worlds2015', 1, 'groups');

INSERT INTO competes (seriesID, teamID, blueSide)
VALUES (1, 'AHQ', 1);

INSERT INTO competes (seriesID, teamID, blueSide)
VALUES (1, 'BKT', 0);

INSERT INTO matches
VALUES (1, 1, date('1990-01-01'));

INSERT INTO scores (teamID, seriesID, matchNumber, inhibitors, towers, riftHeralds, barons, dragons, nexus)
VALUES ('AHQ', 1, 1, 4, 7, 0, 1, 3, 0);

INSERT INTO scores (teamID, seriesID, matchNumber, inhibitors, towers, riftHeralds, barons, dragons, nexus)
VALUES ('BKT', 1, 1, 2, 5, 0, 0, 1, 1);

-- AHQ bans

INSERT INTO bans (seriesID, matchNumber, championID)
VALUES (1, 1, 154);

INSERT INTO bans (seriesID, matchNumber, championID)
VALUES (1, 1, 238);

INSERT INTO bans (seriesID, matchNumber, championID)
VALUES (1, 1, 4);

-- BKT bans

INSERT INTO bans (seriesID, matchNumber, championID)
VALUES (1, 1, 18);

INSERT INTO bans (seriesID, matchNumber, championID)
VALUES (1, 1, 412);

INSERT INTO bans (seriesID, matchNumber, championID)
VALUES (1, 1, 16);

--AHQ picks

INSERT INTO plays (seriesID, matchNumber, summonerName, championID, role, kills, deaths, assists, damageDealt, wardsPlaced, wardsDestroyed, cs, teamJungleMinions, enemyJungleMinions, gold)
VALUES (1, 1, 'Ziv', 76, 'top', 10, 7, 15, 27000, 23, 15, 8, 19, 400, 14700);

INSERT INTO plays (seriesID, matchNumber, summonerName, championID, role, kills, deaths, assists, damageDealt, wardsPlaced, wardsDestroyed, cs, teamJungleMinions, enemyJungleMinions, gold)
VALUES (1, 1, 'Mountain', 267, 'jungle', 10, 7, 15, 27000, 23, 15, 8, 19, 400, 14700);

INSERT INTO plays (seriesID, matchNumber, summonerName, championID, role, kills, deaths, assists, damageDealt, wardsPlaced, wardsDestroyed, cs, teamJungleMinions, enemyJungleMinions, gold)
VALUES (1, 1, 'Westdoor', 222, 'mid', 10, 7, 15, 27000, 23, 15, 8, 19, 400, 14700);

INSERT INTO plays (seriesID, matchNumber, summonerName, championID, role, kills, deaths, assists, damageDealt, wardsPlaced, wardsDestroyed, cs, teamJungleMinions, enemyJungleMinions, gold)
VALUES (1, 1, 'An', 104, 'adc', 10, 7, 15, 27000, 23, 15, 8, 19, 400, 14700);

INSERT INTO plays (seriesID, matchNumber, summonerName, championID, role, kills, deaths, assists, damageDealt, wardsPlaced, wardsDestroyed, cs, teamJungleMinions, enemyJungleMinions, gold)
VALUES (1, 1, 'Albis', 86, 'support', 10, 7, 15, 27000, 23, 15, 8, 19, 400, 14700);

--BKT Picks

INSERT INTO plays (seriesID, matchNumber, summonerName, championID, role, kills, deaths, assists, damageDealt, wardsPlaced, wardsDestroyed, cs, teamJungleMinions, enemyJungleMinions, gold)
VALUES (1, 1, 'WarL0ck', 3, 'top', 10, 7, 15, 27000, 23, 15, 8, 19, 400, 14700);

INSERT INTO plays (seriesID, matchNumber, summonerName, championID, role, kills, deaths, assists, damageDealt, wardsPlaced, wardsDestroyed, cs, teamJungleMinions, enemyJungleMinions, gold)
VALUES (1, 1, '007x', 122, 'jungle', 10, 7, 15, 27000, 23, 15, 8, 19, 400, 14700);

INSERT INTO plays (seriesID, matchNumber, summonerName, championID, role, kills, deaths, assists, damageDealt, wardsPlaced, wardsDestroyed, cs, teamJungleMinions, enemyJungleMinions, gold)
VALUES (1, 1, 'G4', 51, 'mid', 10, 7, 15, 27000, 23, 15, 8, 19, 400, 14700);

INSERT INTO plays (seriesID, matchNumber, summonerName, championID, role, kills, deaths, assists, damageDealt, wardsPlaced, wardsDestroyed, cs, teamJungleMinions, enemyJungleMinions, gold)
VALUES (1, 1, 'Lloyd', 53, 'adc', 10, 7, 15, 27000, 23, 15, 8, 19, 400, 14700);

INSERT INTO plays (seriesID, matchNumber, summonerName, championID, role, kills, deaths, assists, damageDealt, wardsPlaced, wardsDestroyed, cs, teamJungleMinions, enemyJungleMinions, gold)
VALUES (1, 1, 'Moss', 32, 'support', 10, 7, 15, 27000, 23, 15, 8, 19, 400, 14700);

-- Item buys/sells

INSERT INTO interacts (seriesID, matchNumber, summonerName, itemID, time)
VALUES (1, 1, 'G4', 4, 1426);

INSERT INTO interacts (seriesID, matchNumber, summonerName, itemID, time)
VALUES (1, 1, '007x', 1, 1928);

INSERT INTO interacts (seriesID, matchNumber, summonerName, itemID, time)
VALUES (1, 1, 'WarL0ck', 2, 2120);

INSERT INTO interacts (seriesID, matchNumber, summonerName, itemID, time)
VALUES (1, 1, 'Mountain', 5, 6789);

-- AHQ vs C9:

INSERT INTO series (id, bestOfCount)
VALUES (2, 1);

INSERT INTO organizes (tournamentID, seriesID, stage)
VALUES ('worlds2015', 2, 'groups');

INSERT INTO competes (seriesID, teamID, blueSide)
VALUES (2, 'AHQ', 1);

INSERT INTO competes (seriesID, teamID, blueSide)
VALUES (2, 'C9', 0);

INSERT INTO matches
VALUES (2, 1, date('1990-01-01'));

INSERT INTO scores (teamID, seriesID, matchNumber, inhibitors, towers, riftHeralds, barons, dragons, nexus)
VALUES ('AHQ', 2, 1, 4, 7, 0, 1, 3, 0);

INSERT INTO scores (teamID, seriesID, matchNumber, inhibitors, towers, riftHeralds, barons, dragons, nexus)
VALUES ('C9', 2, 1, 2, 5, 0, 0, 1, 1);

-- AHQ bans

INSERT INTO bans (seriesID, matchNumber, championID)
VALUES (2, 1, 154);

INSERT INTO bans (seriesID, matchNumber, championID)
VALUES (2, 1, 238);

INSERT INTO bans (seriesID, matchNumber, championID)
VALUES (2, 1, 4);

-- C9 bans

INSERT INTO bans (seriesID, matchNumber, championID)
VALUES (2, 1, 18);

INSERT INTO bans (seriesID, matchNumber, championID)
VALUES (2, 1, 412);

INSERT INTO bans (seriesID, matchNumber, championID)
VALUES (2, 1, 16);

--AHQ picks

INSERT INTO plays (seriesID, matchNumber, summonerName, championID, role, kills, deaths, assists, damageDealt, wardsPlaced, wardsDestroyed, cs, teamJungleMinions, enemyJungleMinions, gold)
VALUES (2, 1, 'Ziv', 76, 'top', 10, 7, 15, 27000, 23, 15, 8, 19, 400, 14700);

INSERT INTO plays (seriesID, matchNumber, summonerName, championID, role, kills, deaths, assists, damageDealt, wardsPlaced, wardsDestroyed, cs, teamJungleMinions, enemyJungleMinions, gold)
VALUES (2, 1, 'Mountain', 267, 'jungle', 10, 7, 15, 27000, 23, 15, 8, 19, 400, 14700);

INSERT INTO plays (seriesID, matchNumber, summonerName, championID, role, kills, deaths, assists, damageDealt, wardsPlaced, wardsDestroyed, cs, teamJungleMinions, enemyJungleMinions, gold)
VALUES (2, 1, 'Westdoor', 222, 'mid', 10, 7, 15, 27000, 23, 15, 8, 19, 400, 14700);

INSERT INTO plays (seriesID, matchNumber, summonerName, championID, role, kills, deaths, assists, damageDealt, wardsPlaced, wardsDestroyed, cs, teamJungleMinions, enemyJungleMinions, gold)
VALUES (2, 1, 'An', 104, 'adc', 10, 7, 15, 27000, 23, 15, 8, 19, 400, 14700);

INSERT INTO plays (seriesID, matchNumber, summonerName, championID, role, kills, deaths, assists, damageDealt, wardsPlaced, wardsDestroyed, cs, teamJungleMinions, enemyJungleMinions, gold)
VALUES (2, 1, 'Albis', 86, 'support', 10, 7, 15, 27000, 23, 15, 8, 19, 400, 14700);

--C9 Picks

INSERT INTO plays (seriesID, matchNumber, summonerName, championID, role, kills, deaths, assists, damageDealt, wardsPlaced, wardsDestroyed, cs, teamJungleMinions, enemyJungleMinions, gold)
VALUES (2, 1, 'Balls', 3, 'top', 10, 7, 15, 27000, 23, 15, 8, 19, 400, 14700);

INSERT INTO plays (seriesID, matchNumber, summonerName, championID, role, kills, deaths, assists, damageDealt, wardsPlaced, wardsDestroyed, cs, teamJungleMinions, enemyJungleMinions, gold)
VALUES (2, 1, 'Hai', 122, 'jungle', 10, 7, 15, 27000, 23, 15, 8, 19, 400, 14700);

INSERT INTO plays (seriesID, matchNumber, summonerName, championID, role, kills, deaths, assists, damageDealt, wardsPlaced, wardsDestroyed, cs, teamJungleMinions, enemyJungleMinions, gold)
VALUES (2, 1, 'Incarnati0n', 51, 'mid', 10, 7, 15, 27000, 23, 15, 8, 19, 400, 14700);

INSERT INTO plays (seriesID, matchNumber, summonerName, championID, role, kills, deaths, assists, damageDealt, wardsPlaced, wardsDestroyed, cs, teamJungleMinions, enemyJungleMinions, gold)
VALUES (2, 1, 'Sneaky', 53, 'adc', 10, 7, 15, 27000, 23, 15, 8, 19, 400, 14700);

INSERT INTO plays (seriesID, matchNumber, summonerName, championID, role, kills, deaths, assists, damageDealt, wardsPlaced, wardsDestroyed, cs, teamJungleMinions, enemyJungleMinions, gold)
VALUES (2, 1, 'LemonNation', 32, 'support', 10, 7, 15, 27000, 23, 15, 8, 19, 400, 14700);

-- Item buys/sells

INSERT INTO interacts (seriesID, matchNumber, summonerName, itemID, time)
VALUES (2, 1, 'Balls', 4, 1426);

INSERT INTO interacts (seriesID, matchNumber, summonerName, itemID, time)
VALUES (2, 1, 'Hai', 1, 1928);

INSERT INTO interacts (seriesID, matchNumber, summonerName, itemID, time)
VALUES (2, 1, 'Ziv', 2, 2120);

INSERT INTO interacts (seriesID, matchNumber, summonerName, itemID, time)
VALUES (2, 1, 'Mountain', 3, 3848);

INSERT INTO interacts (seriesID, matchNumber, summonerName, itemID, time)
VALUES (2, 1, 'Sneaky', 5, 6789);

-- AHQ vs CLG:

INSERT INTO series (id, bestOfCount)
VALUES (3, 1);

INSERT INTO organizes (tournamentID, seriesID, stage)
VALUES ('worlds2015', 3, 'groups');

INSERT INTO competes (seriesID, teamID, blueSide)
VALUES (3, 'AHQ', 1);

INSERT INTO competes (seriesID, teamID, blueSide)
VALUES (3, 'CLG', 0);

INSERT INTO matches
VALUES (3, 1, date('1990-01-01'));

INSERT INTO scores (teamID, seriesID, matchNumber, inhibitors, towers, riftHeralds, barons, dragons, nexus)
VALUES ('AHQ', 3, 1, 4, 7, 0, 1, 3, 0);

INSERT INTO scores (teamID, seriesID, matchNumber, inhibitors, towers, riftHeralds, barons, dragons, nexus)
VALUES ('CLG', 3, 1, 2, 5, 0, 0, 1, 1);

-- AHQ bans

INSERT INTO bans (seriesID, matchNumber, championID)
VALUES (3, 1, 154);

INSERT INTO bans (seriesID, matchNumber, championID)
VALUES (3, 1, 238);

INSERT INTO bans (seriesID, matchNumber, championID)
VALUES (3, 1, 4);

-- CLG bans

INSERT INTO bans (seriesID, matchNumber, championID)
VALUES (3, 1, 18);

INSERT INTO bans (seriesID, matchNumber, championID)
VALUES (3, 1, 412);

INSERT INTO bans (seriesID, matchNumber, championID)
VALUES (3, 1, 16);

--AHQ picks

INSERT INTO plays (seriesID, matchNumber, summonerName, championID, role, kills, deaths, assists, damageDealt, wardsPlaced, wardsDestroyed, cs, teamJungleMinions, enemyJungleMinions, gold)
VALUES (3, 1, 'Ziv', 76, 'top', 10, 7, 15, 27000, 23, 15, 8, 19, 400, 14700);

INSERT INTO plays (seriesID, matchNumber, summonerName, championID, role, kills, deaths, assists, damageDealt, wardsPlaced, wardsDestroyed, cs, teamJungleMinions, enemyJungleMinions, gold)
VALUES (3, 1, 'Mountain', 267, 'jungle', 10, 7, 15, 27000, 23, 15, 8, 19, 400, 14700);

INSERT INTO plays (seriesID, matchNumber, summonerName, championID, role, kills, deaths, assists, damageDealt, wardsPlaced, wardsDestroyed, cs, teamJungleMinions, enemyJungleMinions, gold)
VALUES (3, 1, 'Westdoor', 222, 'mid', 10, 7, 15, 27000, 23, 15, 8, 19, 400, 14700);

INSERT INTO plays (seriesID, matchNumber, summonerName, championID, role, kills, deaths, assists, damageDealt, wardsPlaced, wardsDestroyed, cs, teamJungleMinions, enemyJungleMinions, gold)
VALUES (3, 1, 'An', 104, 'adc', 10, 7, 15, 27000, 23, 15, 8, 19, 400, 14700);

INSERT INTO plays (seriesID, matchNumber, summonerName, championID, role, kills, deaths, assists, damageDealt, wardsPlaced, wardsDestroyed, cs, teamJungleMinions, enemyJungleMinions, gold)
VALUES (3, 1, 'Albis', 86, 'support', 10, 7, 15, 27000, 23, 15, 8, 19, 400, 14700);

--CLG Picks

INSERT INTO plays (seriesID, matchNumber, summonerName, championID, role, kills, deaths, assists, damageDealt, wardsPlaced, wardsDestroyed, cs, teamJungleMinions, enemyJungleMinions, gold)
VALUES (3, 1, 'ZionSpartan', 3, 'top', 10, 7, 15, 27000, 23, 15, 8, 19, 400, 14700);

INSERT INTO plays (seriesID, matchNumber, summonerName, championID, role, kills, deaths, assists, damageDealt, wardsPlaced, wardsDestroyed, cs, teamJungleMinions, enemyJungleMinions, gold)
VALUES (3, 1, 'Xmithie', 122, 'jungle', 10, 7, 15, 27000, 23, 15, 8, 19, 400, 14700);

INSERT INTO plays (seriesID, matchNumber, summonerName, championID, role, kills, deaths, assists, damageDealt, wardsPlaced, wardsDestroyed, cs, teamJungleMinions, enemyJungleMinions, gold)
VALUES (3, 1, 'Pobelter', 51, 'mid', 10, 7, 15, 27000, 23, 15, 8, 19, 400, 14700);

INSERT INTO plays (seriesID, matchNumber, summonerName, championID, role, kills, deaths, assists, damageDealt, wardsPlaced, wardsDestroyed, cs, teamJungleMinions, enemyJungleMinions, gold)
VALUES (3, 1, 'Doublelift', 53, 'adc', 10, 7, 15, 27000, 23, 15, 8, 19, 400, 14700);

INSERT INTO plays (seriesID, matchNumber, summonerName, championID, role, kills, deaths, assists, damageDealt, wardsPlaced, wardsDestroyed, cs, teamJungleMinions, enemyJungleMinions, gold)
VALUES (3, 1, 'Aphromoo', 32, 'support', 10, 7, 15, 27000, 23, 15, 8, 19, 400, 14700);

-- Item buys/sells

INSERT INTO interacts (seriesID, matchNumber, summonerName, itemID, time)
VALUES (3, 1, 'ZionSpartan', 4, 1426);

INSERT INTO interacts (seriesID, matchNumber, summonerName, itemID, time)
VALUES (3, 1, 'Xmithie', 1, 1928);

INSERT INTO interacts (seriesID, matchNumber, summonerName, itemID, time)
VALUES (3, 1, 'Ziv', 2, 2120);

INSERT INTO interacts (seriesID, matchNumber, summonerName, itemID, time)
VALUES (3, 1, 'Mountain', 3, 3848);

INSERT INTO interacts (seriesID, matchNumber, summonerName, itemID, time)
VALUES (3, 1, 'Doublelift', 5, 6789);


-- AHQ vs EDG:

INSERT INTO series (id, bestOfCount)
VALUES (4, 1);

INSERT INTO organizes (tournamentID, seriesID, stage)
VALUES ('worlds2015', 4, 'groups');

INSERT INTO competes (seriesID, teamID, blueSide)
VALUES (4, 'AHQ', 1);

INSERT INTO competes (seriesID, teamID, blueSide)
VALUES (4, 'EDG', 0);

INSERT INTO matches
VALUES (4, 1, date('1990-01-01'));

INSERT INTO scores (teamID, seriesID, matchNumber, inhibitors, towers, riftHeralds, barons, dragons, nexus)
VALUES ('AHQ', 4, 1, 4, 7, 0, 1, 3, 0);

INSERT INTO scores (teamID, seriesID, matchNumber, inhibitors, towers, riftHeralds, barons, dragons, nexus)
VALUES ('EDG', 4, 1, 2, 5, 0, 0, 1, 1);

-- AHQ bans

INSERT INTO bans (seriesID, matchNumber, championID)
VALUES (4, 1, 154);

INSERT INTO bans (seriesID, matchNumber, championID)
VALUES (4, 1, 238);

INSERT INTO bans (seriesID, matchNumber, championID)
VALUES (4, 1, 4);

-- EDG bans

INSERT INTO bans (seriesID, matchNumber, championID)
VALUES (4, 1, 18);

INSERT INTO bans (seriesID, matchNumber, championID)
VALUES (4, 1, 412);

INSERT INTO bans (seriesID, matchNumber, championID)
VALUES (4, 1, 16);

--AHQ picks

INSERT INTO plays (seriesID, matchNumber, summonerName, championID, role, kills, deaths, assists, damageDealt, wardsPlaced, wardsDestroyed, cs, teamJungleMinions, enemyJungleMinions, gold)
VALUES (4, 1, 'Ziv', 76, 'top', 10, 7, 15, 27000, 23, 15, 8, 19, 400, 14700);

INSERT INTO plays (seriesID, matchNumber, summonerName, championID, role, kills, deaths, assists, damageDealt, wardsPlaced, wardsDestroyed, cs, teamJungleMinions, enemyJungleMinions, gold)
VALUES (4, 1, 'Mountain', 267, 'jungle', 10, 7, 15, 27000, 23, 15, 8, 19, 400, 14700);

INSERT INTO plays (seriesID, matchNumber, summonerName, championID, role, kills, deaths, assists, damageDealt, wardsPlaced, wardsDestroyed, cs, teamJungleMinions, enemyJungleMinions, gold)
VALUES (4, 1, 'Westdoor', 222, 'mid', 10, 7, 15, 27000, 23, 15, 8, 19, 400, 14700);

INSERT INTO plays (seriesID, matchNumber, summonerName, championID, role, kills, deaths, assists, damageDealt, wardsPlaced, wardsDestroyed, cs, teamJungleMinions, enemyJungleMinions, gold)
VALUES (4, 1, 'An', 104, 'adc', 10, 7, 15, 27000, 23, 15, 8, 19, 400, 14700);

INSERT INTO plays (seriesID, matchNumber, summonerName, championID, role, kills, deaths, assists, damageDealt, wardsPlaced, wardsDestroyed, cs, teamJungleMinions, enemyJungleMinions, gold)
VALUES (4, 1, 'Albis', 86, 'support', 10, 7, 15, 27000, 23, 15, 8, 19, 400, 14700);

--EDG Picks

INSERT INTO plays (seriesID, matchNumber, summonerName, championID, role, kills, deaths, assists, damageDealt, wardsPlaced, wardsDestroyed, cs, teamJungleMinions, enemyJungleMinions, gold)
VALUES (4, 1, 'Koro1', 3, 'top', 10, 7, 15, 27000, 23, 15, 8, 19, 400, 14700);

INSERT INTO plays (seriesID, matchNumber, summonerName, championID, role, kills, deaths, assists, damageDealt, wardsPlaced, wardsDestroyed, cs, teamJungleMinions, enemyJungleMinions, gold)
VALUES (4, 1, 'Clearlove', 122, 'jungle', 10, 7, 15, 27000, 23, 15, 8, 19, 400, 14700);

INSERT INTO plays (seriesID, matchNumber, summonerName, championID, role, kills, deaths, assists, damageDealt, wardsPlaced, wardsDestroyed, cs, teamJungleMinions, enemyJungleMinions, gold)
VALUES (4, 1, 'PawN', 51, 'mid', 10, 7, 15, 27000, 23, 15, 8, 19, 400, 14700);

INSERT INTO plays (seriesID, matchNumber, summonerName, championID, role, kills, deaths, assists, damageDealt, wardsPlaced, wardsDestroyed, cs, teamJungleMinions, enemyJungleMinions, gold)
VALUES (4, 1, 'Deft', 53, 'adc', 10, 7, 15, 27000, 23, 15, 8, 19, 400, 14700);

INSERT INTO plays (seriesID, matchNumber, summonerName, championID, role, kills, deaths, assists, damageDealt, wardsPlaced, wardsDestroyed, cs, teamJungleMinions, enemyJungleMinions, gold)
VALUES (4, 1, 'Meiko', 32, 'support', 10, 7, 15, 27000, 23, 15, 8, 19, 400, 14700);

-- Item buys/sells

INSERT INTO interacts (seriesID, matchNumber, summonerName, itemID, time)
VALUES (4, 1, 'Koro1', 4, 1426);

INSERT INTO interacts (seriesID, matchNumber, summonerName, itemID, time)
VALUES (4, 1, 'Clearlove', 1, 1928);

INSERT INTO interacts (seriesID, matchNumber, summonerName, itemID, time)
VALUES (4, 1, 'Ziv', 2, 2120);

INSERT INTO interacts (seriesID, matchNumber, summonerName, itemID, time)
VALUES (4, 1, 'Mountain', 3, 3848);

INSERT INTO interacts (seriesID, matchNumber, summonerName, itemID, time)
VALUES (4, 1, 'Deft', 5, 6789);

-- Series between FNC and EDG

INSERT INTO series (id, bestOfCount)
VALUES (50, 5);

INSERT INTO organizes (tournamentID, seriesID, stage)
VALUES ('worlds2015', 50, 'quarterfinals');

INSERT INTO competes (seriesID, teamID, blueSide)
VALUES (50, 'FNC', 1);

INSERT INTO competes (seriesID, teamID, blueSide)
VALUES (50, 'EDG', 0);

-- FNC vs EDG match 1
INSERT INTO matches
VALUES (50, 1, date('1990-01-01'));

INSERT INTO scores (teamID, seriesID, matchNumber, inhibitors, towers, riftHeralds, barons, dragons, nexus)
VALUES ('FNC', 50, 1, 4, 7, 0, 1, 3, 1);

INSERT INTO scores (teamID, seriesID, matchNumber, inhibitors, towers, riftHeralds, barons, dragons, nexus)
VALUES ('EDG', 50, 1, 2, 5, 0, 0, 1, 0);

-- FNC bans

INSERT INTO bans (seriesID, matchNumber, championID)
VALUES (50, 1, 32);

INSERT INTO bans (seriesID, matchNumber, championID)
VALUES (50, 1, 53);

INSERT INTO bans (seriesID, matchNumber, championID)
VALUES (50, 1, 51);

-- EDG bans

INSERT INTO bans (seriesID, matchNumber, championID)
VALUES (50, 1, 122);

INSERT INTO bans (seriesID, matchNumber, championID)
VALUES (50, 1, 3);

INSERT INTO bans (seriesID, matchNumber, championID)
VALUES (50, 1, 86);

--FNC picks

INSERT INTO plays (seriesID, matchNumber, summonerName, championID, role, kills, deaths, assists, damageDealt, wardsPlaced, wardsDestroyed, cs, teamJungleMinions, enemyJungleMinions, gold)
VALUES (50, 1, 'Huni', 104, 'top', 10, 7, 15, 27000, 23, 15, 8, 19, 400, 14700);

INSERT INTO plays (seriesID, matchNumber, summonerName, championID, role, kills, deaths, assists, damageDealt, wardsPlaced, wardsDestroyed, cs, teamJungleMinions, enemyJungleMinions, gold)
VALUES (50, 1, 'Reignover', 222, 'jungle', 10, 7, 15, 27000, 23, 15, 8, 19, 400, 14700);

INSERT INTO plays (seriesID, matchNumber, summonerName, championID, role, kills, deaths, assists, damageDealt, wardsPlaced, wardsDestroyed, cs, teamJungleMinions, enemyJungleMinions, gold)
VALUES (50, 1, 'Febiven', 267, 'mid', 10, 7, 15, 27000, 23, 15, 8, 19, 400, 14700);

INSERT INTO plays (seriesID, matchNumber, summonerName, championID, role, kills, deaths, assists, damageDealt, wardsPlaced, wardsDestroyed, cs, teamJungleMinions, enemyJungleMinions, gold)
VALUES (50, 1, 'Rekkles', 76, 'adc', 10, 7, 15, 27000, 23, 15, 8, 19, 400, 14700);

INSERT INTO plays (seriesID, matchNumber, summonerName, championID, role, kills, deaths, assists, damageDealt, wardsPlaced, wardsDestroyed, cs, teamJungleMinions, enemyJungleMinions, gold)
VALUES (50, 1, 'YellOwStaR', 16, 'support', 10, 7, 15, 27000, 23, 15, 8, 19, 400, 14700);

--EDG Picks

INSERT INTO plays (seriesID, matchNumber, summonerName, championID, role, kills, deaths, assists, damageDealt, wardsPlaced, wardsDestroyed, cs, teamJungleMinions, enemyJungleMinions, gold)
VALUES (50, 1, 'Koro1', 412, 'top', 10, 7, 15, 27000, 23, 15, 8, 19, 400, 14700);

INSERT INTO plays (seriesID, matchNumber, summonerName, championID, role, kills, deaths, assists, damageDealt, wardsPlaced, wardsDestroyed, cs, teamJungleMinions, enemyJungleMinions, gold)
VALUES (50, 1, 'Clearlove', 18, 'jungle', 10, 7, 15, 27000, 23, 15, 8, 19, 400, 14700);

INSERT INTO plays (seriesID, matchNumber, summonerName, championID, role, kills, deaths, assists, damageDealt, wardsPlaced, wardsDestroyed, cs, teamJungleMinions, enemyJungleMinions, gold)
VALUES (50, 1, 'PawN', 4, 'mid', 10, 7, 15, 27000, 23, 15, 8, 19, 400, 14700);

INSERT INTO plays (seriesID, matchNumber, summonerName, championID, role, kills, deaths, assists, damageDealt, wardsPlaced, wardsDestroyed, cs, teamJungleMinions, enemyJungleMinions, gold)
VALUES (50, 1, 'Deft', 154, 'adc', 10, 7, 15, 27000, 23, 15, 8, 19, 400, 14700);

INSERT INTO plays (seriesID, matchNumber, summonerName, championID, role, kills, deaths, assists, damageDealt, wardsPlaced, wardsDestroyed, cs, teamJungleMinions, enemyJungleMinions, gold)
VALUES (50, 1, 'Meiko', 238, 'support', 10, 7, 15, 27000, 23, 15, 8, 19, 400, 14700);

-- Item buys/sells

INSERT INTO interacts (seriesID, matchNumber, summonerName, itemID, time)
VALUES (50, 1, 'Koro1', 4, 1426);

INSERT INTO interacts (seriesID, matchNumber, summonerName, itemID, time)
VALUES (50, 1, 'Clearlove', 1, 1928);

INSERT INTO interacts (seriesID, matchNumber, summonerName, itemID, time)
VALUES (50, 1, 'Clearlove', 2, 2120);

INSERT INTO interacts (seriesID, matchNumber, summonerName, itemID, time)
VALUES (50, 1, 'Deft', 3, 3848);

INSERT INTO interacts (seriesID, matchNumber, summonerName, itemID, time)
VALUES (50, 1, 'Meiko', 5, 6789);

-- FNC vs EDG match 2
INSERT INTO matches
VALUES (50, 2, date('1990-01-01'));

INSERT INTO scores (teamID, seriesID, matchNumber, inhibitors, towers, riftHeralds, barons, dragons, nexus)
VALUES ('FNC', 50, 2, 4, 7, 0, 1, 3, 1);

INSERT INTO scores (teamID, seriesID, matchNumber, inhibitors, towers, riftHeralds, barons, dragons, nexus)
VALUES ('EDG', 50, 2, 2, 5, 0, 0, 1, 0);

-- FNC bans

INSERT INTO bans (seriesID, matchNumber, championID)
VALUES (50, 2, 32);

INSERT INTO bans (seriesID, matchNumber, championID)
VALUES (50, 2, 53);

INSERT INTO bans (seriesID, matchNumber, championID)
VALUES (50, 2, 51);

-- EDG bans

INSERT INTO bans (seriesID, matchNumber, championID)
VALUES (50, 2, 122);

INSERT INTO bans (seriesID, matchNumber, championID)
VALUES (50, 2, 3);

INSERT INTO bans (seriesID, matchNumber, championID)
VALUES (50, 2, 86);

--FNC picks

INSERT INTO plays (seriesID, matchNumber, summonerName, championID, role, kills, deaths, assists, damageDealt, wardsPlaced, wardsDestroyed, cs, teamJungleMinions, enemyJungleMinions, gold)
VALUES (50, 2, 'Huni', 104, 'top', 10, 7, 15, 27000, 23, 15, 8, 19, 400, 14700);

INSERT INTO plays (seriesID, matchNumber, summonerName, championID, role, kills, deaths, assists, damageDealt, wardsPlaced, wardsDestroyed, cs, teamJungleMinions, enemyJungleMinions, gold)
VALUES (50, 2, 'Reignover', 222, 'jungle', 10, 7, 15, 27000, 23, 15, 8, 19, 400, 14700);

INSERT INTO plays (seriesID, matchNumber, summonerName, championID, role, kills, deaths, assists, damageDealt, wardsPlaced, wardsDestroyed, cs, teamJungleMinions, enemyJungleMinions, gold)
VALUES (50, 2, 'Febiven', 267, 'mid', 10, 7, 15, 27000, 23, 15, 8, 19, 400, 14700);

INSERT INTO plays (seriesID, matchNumber, summonerName, championID, role, kills, deaths, assists, damageDealt, wardsPlaced, wardsDestroyed, cs, teamJungleMinions, enemyJungleMinions, gold)
VALUES (50, 2, 'Rekkles', 76, 'adc', 10, 7, 15, 27000, 23, 15, 8, 19, 400, 14700);

INSERT INTO plays (seriesID, matchNumber, summonerName, championID, role, kills, deaths, assists, damageDealt, wardsPlaced, wardsDestroyed, cs, teamJungleMinions, enemyJungleMinions, gold)
VALUES (50, 2, 'YellOwStaR', 16, 'support', 10, 7, 15, 27000, 23, 15, 8, 19, 400, 14700);

--EDG Picks

INSERT INTO plays (seriesID, matchNumber, summonerName, championID, role, kills, deaths, assists, damageDealt, wardsPlaced, wardsDestroyed, cs, teamJungleMinions, enemyJungleMinions, gold)
VALUES (50, 2, 'Koro1', 412, 'top', 10, 7, 15, 27000, 23, 15, 8, 19, 400, 14700);

INSERT INTO plays (seriesID, matchNumber, summonerName, championID, role, kills, deaths, assists, damageDealt, wardsPlaced, wardsDestroyed, cs, teamJungleMinions, enemyJungleMinions, gold)
VALUES (50, 2, 'Clearlove', 18, 'jungle', 10, 7, 15, 27000, 23, 15, 8, 19, 400, 14700);

INSERT INTO plays (seriesID, matchNumber, summonerName, championID, role, kills, deaths, assists, damageDealt, wardsPlaced, wardsDestroyed, cs, teamJungleMinions, enemyJungleMinions, gold)
VALUES (50, 2, 'PawN', 4, 'mid', 10, 7, 15, 27000, 23, 15, 8, 19, 400, 14700);

INSERT INTO plays (seriesID, matchNumber, summonerName, championID, role, kills, deaths, assists, damageDealt, wardsPlaced, wardsDestroyed, cs, teamJungleMinions, enemyJungleMinions, gold)
VALUES (50, 2, 'Deft', 154, 'adc', 10, 7, 15, 27000, 23, 15, 8, 19, 400, 14700);

INSERT INTO plays (seriesID, matchNumber, summonerName, championID, role, kills, deaths, assists, damageDealt, wardsPlaced, wardsDestroyed, cs, teamJungleMinions, enemyJungleMinions, gold)
VALUES (50, 2, 'Meiko', 238, 'support', 10, 7, 15, 27000, 23, 15, 8, 19, 400, 14700);

-- Item buys/sells

INSERT INTO interacts (seriesID, matchNumber, summonerName, itemID, time)
VALUES (50, 2, 'Koro1', 4, 1426);

INSERT INTO interacts (seriesID, matchNumber, summonerName, itemID, time)
VALUES (50, 2, 'Clearlove', 1, 1928);

INSERT INTO interacts (seriesID, matchNumber, summonerName, itemID, time)
VALUES (50, 2, 'PawN', 2, 2120);

INSERT INTO interacts (seriesID, matchNumber, summonerName, itemID, time)
VALUES (50, 2, 'Deft', 3, 3848);

INSERT INTO interacts (seriesID, matchNumber, summonerName, itemID, time)
VALUES (50, 2, 'Meiko', 5, 6789);

-- FNC vs EDG match 3
INSERT INTO matches
VALUES (50, 3, date('1990-01-01'));

INSERT INTO scores (teamID, seriesID, matchNumber, inhibitors, towers, riftHeralds, barons, dragons, nexus)
VALUES ('FNC', 50, 3, 4, 7, 0, 1, 3, 0);

INSERT INTO scores (teamID, seriesID, matchNumber, inhibitors, towers, riftHeralds, barons, dragons, nexus)
VALUES ('EDG', 50, 3, 2, 11, 0, 0, 1, 1);

-- FNC bans

INSERT INTO bans (seriesID, matchNumber, championID)
VALUES (50, 3, 32);

INSERT INTO bans (seriesID, matchNumber, championID)
VALUES (50, 3, 53);

INSERT INTO bans (seriesID, matchNumber, championID)
VALUES (50, 3, 51);

-- EDG bans

INSERT INTO bans (seriesID, matchNumber, championID)
VALUES (50, 3, 122);

INSERT INTO bans (seriesID, matchNumber, championID)
VALUES (50, 3, 3);

INSERT INTO bans (seriesID, matchNumber, championID)
VALUES (50, 3, 86);

--FNC picks

INSERT INTO plays (seriesID, matchNumber, summonerName, championID, role, kills, deaths, assists, damageDealt, wardsPlaced, wardsDestroyed, cs, teamJungleMinions, enemyJungleMinions, gold)
VALUES (50, 3, 'Huni', 104, 'top', 10, 7, 15, 27000, 23, 15, 8, 19, 400, 14700);

INSERT INTO plays (seriesID, matchNumber, summonerName, championID, role, kills, deaths, assists, damageDealt, wardsPlaced, wardsDestroyed, cs, teamJungleMinions, enemyJungleMinions, gold)
VALUES (50, 3, 'Reignover', 222, 'jungle', 10, 7, 15, 27000, 23, 15, 8, 19, 400, 14700);

INSERT INTO plays (seriesID, matchNumber, summonerName, championID, role, kills, deaths, assists, damageDealt, wardsPlaced, wardsDestroyed, cs, teamJungleMinions, enemyJungleMinions, gold)
VALUES (50, 3, 'Febiven', 267, 'mid', 10, 7, 15, 27000, 23, 15, 8, 19, 400, 14700);

INSERT INTO plays (seriesID, matchNumber, summonerName, championID, role, kills, deaths, assists, damageDealt, wardsPlaced, wardsDestroyed, cs, teamJungleMinions, enemyJungleMinions, gold)
VALUES (50, 3, 'Rekkles', 76, 'adc', 10, 7, 15, 27000, 23, 15, 8, 19, 400, 14700);

INSERT INTO plays (seriesID, matchNumber, summonerName, championID, role, kills, deaths, assists, damageDealt, wardsPlaced, wardsDestroyed, cs, teamJungleMinions, enemyJungleMinions, gold)
VALUES (50, 3, 'YellOwStaR', 16, 'support', 10, 7, 15, 27000, 23, 15, 8, 19, 400, 14700);

--EDG Picks

INSERT INTO plays (seriesID, matchNumber, summonerName, championID, role, kills, deaths, assists, damageDealt, wardsPlaced, wardsDestroyed, cs, teamJungleMinions, enemyJungleMinions, gold)
VALUES (50, 3, 'Koro1', 412, 'top', 10, 7, 15, 27000, 23, 15, 8, 19, 400, 14700);

INSERT INTO plays (seriesID, matchNumber, summonerName, championID, role, kills, deaths, assists, damageDealt, wardsPlaced, wardsDestroyed, cs, teamJungleMinions, enemyJungleMinions, gold)
VALUES (50, 3, 'Clearlove', 18, 'jungle', 10, 7, 15, 27000, 23, 15, 8, 19, 400, 14700);

INSERT INTO plays (seriesID, matchNumber, summonerName, championID, role, kills, deaths, assists, damageDealt, wardsPlaced, wardsDestroyed, cs, teamJungleMinions, enemyJungleMinions, gold)
VALUES (50, 3, 'PawN', 4, 'mid', 10, 7, 15, 27000, 23, 15, 8, 19, 400, 14700);

INSERT INTO plays (seriesID, matchNumber, summonerName, championID, role, kills, deaths, assists, damageDealt, wardsPlaced, wardsDestroyed, cs, teamJungleMinions, enemyJungleMinions, gold)
VALUES (50, 3, 'Deft', 154, 'adc', 10, 7, 15, 27000, 23, 15, 8, 19, 400, 14700);

INSERT INTO plays (seriesID, matchNumber, summonerName, championID, role, kills, deaths, assists, damageDealt, wardsPlaced, wardsDestroyed, cs, teamJungleMinions, enemyJungleMinions, gold)
VALUES (50, 3, 'Meiko', 238, 'support', 10, 7, 15, 27000, 23, 15, 8, 19, 400, 14700);

-- Item buys/sells

INSERT INTO interacts (seriesID, matchNumber, summonerName, itemID, time)
VALUES (50, 3, 'Koro1', 4, 1426);

INSERT INTO interacts (seriesID, matchNumber, summonerName, itemID, time)
VALUES (50, 3, 'Clearlove', 1, 1928);

INSERT INTO interacts (seriesID, matchNumber, summonerName, itemID, time)
VALUES (50, 3, 'PawN', 2, 2120);

INSERT INTO interacts (seriesID, matchNumber, summonerName, itemID, time)
VALUES (50, 3, 'Deft', 3, 3848);

INSERT INTO interacts (seriesID, matchNumber, summonerName, itemID, time)
VALUES (50, 3, 'Meiko', 5, 6789);

-- FND vs EDG match 4
INSERT INTO matches
VALUES (50, 4, date('1990-01-01'));

INSERT INTO scores (teamID, seriesID, matchNumber, inhibitors, towers, riftHeralds, barons, dragons, nexus)
VALUES ('FNC', 50, 4, 4, 7, 0, 1, 3, 1);

INSERT INTO scores (teamID, seriesID, matchNumber, inhibitors, towers, riftHeralds, barons, dragons, nexus)
VALUES ('EDG', 50, 4, 2, 5, 0, 0, 1, 0);

-- FNC bans

INSERT INTO bans (seriesID, matchNumber, championID)
VALUES (50, 4, 32);

INSERT INTO bans (seriesID, matchNumber, championID)
VALUES (50, 4, 53);

INSERT INTO bans (seriesID, matchNumber, championID)
VALUES (50, 4, 51);

-- EDG bans

INSERT INTO bans (seriesID, matchNumber, championID)
VALUES (50, 4, 122);

INSERT INTO bans (seriesID, matchNumber, championID)
VALUES (50, 4, 3);

INSERT INTO bans (seriesID, matchNumber, championID)
VALUES (50, 4, 86);

--FNC picks

INSERT INTO plays (seriesID, matchNumber, summonerName, championID, role, kills, deaths, assists, damageDealt, wardsPlaced, wardsDestroyed, cs, teamJungleMinions, enemyJungleMinions, gold)
VALUES (50, 4, 'Huni', 104, 'top', 10, 7, 15, 27000, 23, 15, 8, 19, 400, 14700);

INSERT INTO plays (seriesID, matchNumber, summonerName, championID, role, kills, deaths, assists, damageDealt, wardsPlaced, wardsDestroyed, cs, teamJungleMinions, enemyJungleMinions, gold)
VALUES (50, 4, 'Reignover', 222, 'jungle', 10, 7, 15, 27000, 23, 15, 8, 19, 400, 14700);

INSERT INTO plays (seriesID, matchNumber, summonerName, championID, role, kills, deaths, assists, damageDealt, wardsPlaced, wardsDestroyed, cs, teamJungleMinions, enemyJungleMinions, gold)
VALUES (50, 4, 'Febiven', 267, 'mid', 10, 7, 15, 27000, 23, 15, 8, 19, 400, 14700);

INSERT INTO plays (seriesID, matchNumber, summonerName, championID, role, kills, deaths, assists, damageDealt, wardsPlaced, wardsDestroyed, cs, teamJungleMinions, enemyJungleMinions, gold)
VALUES (50, 4, 'Rekkles', 76, 'adc', 10, 7, 15, 27000, 23, 15, 8, 19, 400, 14700);

INSERT INTO plays (seriesID, matchNumber, summonerName, championID, role, kills, deaths, assists, damageDealt, wardsPlaced, wardsDestroyed, cs, teamJungleMinions, enemyJungleMinions, gold)
VALUES (50, 4, 'YellOwStaR', 16, 'support', 10, 7, 15, 27000, 23, 15, 8, 19, 400, 14700);

--EDG Picks

INSERT INTO plays (seriesID, matchNumber, summonerName, championID, role, kills, deaths, assists, damageDealt, wardsPlaced, wardsDestroyed, cs, teamJungleMinions, enemyJungleMinions, gold)
VALUES (50, 4, 'Koro1', 412, 'top', 10, 7, 15, 27000, 23, 15, 8, 19, 400, 14700);

INSERT INTO plays (seriesID, matchNumber, summonerName, championID, role, kills, deaths, assists, damageDealt, wardsPlaced, wardsDestroyed, cs, teamJungleMinions, enemyJungleMinions, gold)
VALUES (50, 4, 'Clearlove', 18, 'jungle', 10, 7, 15, 27000, 23, 15, 8, 19, 400, 14700);

INSERT INTO plays (seriesID, matchNumber, summonerName, championID, role, kills, deaths, assists, damageDealt, wardsPlaced, wardsDestroyed, cs, teamJungleMinions, enemyJungleMinions, gold)
VALUES (50, 4, 'PawN', 4, 'mid', 10, 7, 15, 27000, 23, 15, 8, 19, 400, 14700);

INSERT INTO plays (seriesID, matchNumber, summonerName, championID, role, kills, deaths, assists, damageDealt, wardsPlaced, wardsDestroyed, cs, teamJungleMinions, enemyJungleMinions, gold)
VALUES (50, 4, 'Deft', 154, 'adc', 10, 7, 15, 27000, 23, 15, 8, 19, 400, 14700);

INSERT INTO plays (seriesID, matchNumber, summonerName, championID, role, kills, deaths, assists, damageDealt, wardsPlaced, wardsDestroyed, cs, teamJungleMinions, enemyJungleMinions, gold)
VALUES (50, 4, 'Meiko', 238, 'support', 10, 7, 15, 27000, 23, 15, 8, 19, 400, 14700);

-- Item buys/sells

INSERT INTO interacts (seriesID, matchNumber, summonerName, itemID, time)
VALUES (50, 4, 'Koro1', 4, 1426);

INSERT INTO interacts (seriesID, matchNumber, summonerName, itemID, time)
VALUES (50, 4, 'Clearlove', 1, 1928);

INSERT INTO interacts (seriesID, matchNumber, summonerName, itemID, time)
VALUES (50, 4, 'Clearlove', 2, 2120);

INSERT INTO interacts (seriesID, matchNumber, summonerName, itemID, time)
VALUES (50, 4, 'Deft', 3, 3848);

INSERT INTO interacts (seriesID, matchNumber, summonerName, itemID, time)
VALUES (50, 4, 'Meiko', 5, 6789);
