INSERT INTO tournaments (id, year, location, prize)
VALUES ('World Championship', 2015, 'Europe', 2130000);

-- Teams in Worlds 2015:




-- AHQ

INSERT INTO teams (id, region, name)
VALUES ('AHQ', 'LMS', 'ahq e-Sports Club');

INSERT INTO participates (tournamentID, teamID, teamRegion, year, stageReached)
VALUES ('World Championship', 'AHQ', 'LMS', 2015, 'quarterfinals');


INSERT INTO players (id, name, careerStartDate)
VALUES (2, 'Ziv', 1980-01-01);

INSERT INTO players (id, name, careerStartDate)
VALUES (3, 'Mountain', 1980-01-01);

INSERT INTO players (id, name, careerStartDate)
VALUES (4, 'Westdoor', 1980-01-01);

INSERT INTO players (id, name, careerStartDate)
VALUES (5, 'An', 1980-01-01);

INSERT INTO players (id, name, careerStartDate)
VALUES (6, 'Albis', 1980-01-01);


INSERT INTO registers (playerID, teamID, teamRegion, dateJoined, dateLeft)
VALUES (2, 'AHQ', 'LMS', 1980-01-01, 1980-01-02);

INSERT INTO registers (playerID, teamID, teamRegion, dateJoined, dateLeft)
VALUES (3, 'AHQ', 'LMS', 1980-01-01, 1980-01-02);

INSERT INTO registers (playerID, teamID, teamRegion, dateJoined, dateLeft)
VALUES (4, 'AHQ', 'LMS', 1980-01-01, 1980-01-02);

INSERT INTO registers (playerID, teamID, teamRegion, dateJoined, dateLeft)
VALUES (5, 'AHQ', 'LMS', 1980-01-01, 1980-01-02);

INSERT INTO registers (playerID, teamID, teamRegion, dateJoined, dateLeft)
VALUES (6, 'AHQ', 'LMS', 1980-01-01, 1980-01-02);


--Bangkok Titans

INSERT INTO teams (id, region, name)
VALUES ('BKT', 'IWC', 'Bangkok Titans');

INSERT INTO participates (tournamentID, teamID, teamRegion, year, stageReached)
VALUES ('World Championship', 'BKT', 'IWC', 2015, 'groups');


INSERT INTO players (id, name, careerStartDate)
VALUES (12, 'WarL0ck', 1980-01-01);

INSERT INTO players (id, name, careerStartDate)
VALUES (13, '007x', 1980-01-01);

INSERT INTO players (id, name, careerStartDate)
VALUES (14, 'G4', 1980-01-01);

INSERT INTO players (id, name, careerStartDate)
VALUES (15, 'Lloyd', 1980-01-01);

INSERT INTO players (id, name, careerStartDate)
VALUES (16, 'Moss', 1980-01-01);


INSERT INTO registers (playerID, teamID, teamRegion, dateJoined, dateLeft)
VALUES (12, 'BKT', 'IWC', 1980-01-01, 1980-01-02);

INSERT INTO registers (playerID, teamID, teamRegion, dateJoined, dateLeft)
VALUES (13, 'BKT', 'IWC', 1980-01-01, 1980-01-02);

INSERT INTO registers (playerID, teamID, teamRegion, dateJoined, dateLeft)
VALUES (14, 'BKT', 'IWC', 1980-01-01, 1980-01-02);

INSERT INTO registers (playerID, teamID, teamRegion, dateJoined, dateLeft)
VALUES (15, 'BKT', 'IWC', 1980-01-01, 1980-01-02);

INSERT INTO registers (playerID, teamID, teamRegion, dateJoined, dateLeft)
VALUES (16, 'BKT', 'IWC', 1980-01-01, 1980-01-02);


-- Cloud 9

INSERT INTO teams (id, region, name)
VALUES ('c9', 'NA', 'Cloud 9');

INSERT INTO participates (tournamentID, teamID, teamRegion, year, stageReached)
VALUES ('World Championship', 'C9', 'NA', 2015, 'groups');


INSERT INTO players (id, name, careerStartDate)
VALUES (17, 'Balls', 1980-01-01);

INSERT INTO players (id, name, careerStartDate)
VALUES (18, 'Hai', 1980-01-01);

INSERT INTO players (id, name, careerStartDate)
VALUES (19, 'Incarnati0n', 1980-01-01);

INSERT INTO players (id, name, careerStartDate)
VALUES (20, 'Sneaky', 1980-01-01);

INSERT INTO players (id, name, careerStartDate)
VALUES (21, 'LemonNation', 1980-01-01);


INSERT INTO registers (playerID, teamID, teamRegion, dateJoined, dateLeft)
VALUES (17, 'C9', 'NA', 1980-01-01, 1980-01-02);

INSERT INTO registers (playerID, teamID, teamRegion, dateJoined, dateLeft)
VALUES (18, 'C9', 'NA', 1980-01-01, 1980-01-02);

INSERT INTO registers (playerID, teamID, teamRegion, dateJoined, dateLeft)
VALUES (19, 'C9', 'NA', 1980-01-01, 1980-01-02);

INSERT INTO registers (playerID, teamID, teamRegion, dateJoined, dateLeft)
VALUES (20, 'C9', 'NA', 1980-01-01, 1980-01-02);

INSERT INTO registers (playerID, teamID, teamRegion, dateJoined, dateLeft)
VALUES (21, 'C9', 'NA', 1980-01-01, 1980-01-02);

-- Counter Logic Gaming

INSERT INTO teams (id, region, name)
VALUES ('CLG', 'NA', 'Counter Logic Gaming');

INSERT INTO participates (tournamentID, teamID, teamRegion, year, stageReached)
VALUES ('World Championship', 'CLG', 'NA', 2015, 'groups');


INSERT INTO players (id, name, careerStartDate)
VALUES (122, 'ZionSpartan', 1980-01-01);

INSERT INTO players (id, name, careerStartDate)
VALUES (123, 'Xmithie', 1980-01-01);

INSERT INTO players (id, name, careerStartDate)
VALUES (124, 'Pobelter', 1980-01-01);

INSERT INTO players (id, name, careerStartDate)
VALUES (125, 'Doublelift', 1980-01-01);

INSERT INTO players (id, name, careerStartDate)
VALUES (126, 'Aphromoo', 1980-01-01);


INSERT INTO registers (playerID, teamID, teamRegion, dateJoined, dateLeft)
VALUES (122, 'CLG', 'NA', 1980-01-01, 1980-01-02);

INSERT INTO registers (playerID, teamID, teamRegion, dateJoined, dateLeft)
VALUES (123, 'CLG', 'NA', 1980-01-01, 1980-01-02);

INSERT INTO registers (playerID, teamID, teamRegion, dateJoined, dateLeft)
VALUES (124, 'CLG', 'NA', 1980-01-01, 1980-01-02);

INSERT INTO registers (playerID, teamID, teamRegion, dateJoined, dateLeft)
VALUES (125, 'CLG', 'NA', 1980-01-01, 1980-01-02);

INSERT INTO registers (playerID, teamID, teamRegion, dateJoined, dateLeft)
VALUES (126, 'CLG', 'NA', 1980-01-01, 1980-01-02);

--Edward Gaming

INSERT INTO teams (id, region, name)
VALUES ('EDG', 'LPL', 'Edward Gaming');

INSERT INTO participates (tournamentID, teamID, teamRegion, year, stageReached)
VALUES ('World Championship', 'EDG', 'LPL', 2015, 'quarterfinals');


INSERT INTO players (id, name, careerStartDate)
VALUES (132, 'Koro1', 1980-01-01);

INSERT INTO players (id, name, careerStartDate)
VALUES (133, 'Clearlove', 1980-01-01);

INSERT INTO players (id, name, careerStartDate)
VALUES (134, 'PawN', 1980-01-01);

INSERT INTO players (id, name, careerStartDate)
VALUES (135, 'Deft', 1980-01-01);

INSERT INTO players (id, name, careerStartDate)
VALUES (136, 'Meiko', 1980-01-01);


INSERT INTO registers (playerID, teamID, teamRegion, dateJoined, dateLeft)
VALUES (132, 'EDG', 'LPL', 1980-01-01, 1980-01-02);

INSERT INTO registers (playerID, teamID, teamRegion, dateJoined, dateLeft)
VALUES (133, 'EDG', 'LPL', 1980-01-01, 1980-01-02);

INSERT INTO registers (playerID, teamID, teamRegion, dateJoined, dateLeft)
VALUES (134, 'EDG', 'LPL', 1980-01-01, 1980-01-02);

INSERT INTO registers (playerID, teamID, teamRegion, dateJoined, dateLeft)
VALUES (135, 'EDG', 'LPL', 1980-01-01, 1980-01-02);

INSERT INTO registers (playerID, teamID, teamRegion, dateJoined, dateLeft)
VALUES (136, 'EDG', 'LPL', 1980-01-01, 1980-01-02);

-- Fnatic

INSERT INTO teams (id, region, name)
VALUES ('FNC', 'EU', 'Fnatic');

INSERT INTO participates (tournamentID, teamID, teamRegion, year, stageReached)
VALUES ('World Championship', 'FNC', 'EU', 2015, 'semifinals');


INSERT INTO players (id, name, careerStartDate)
VALUES (127, 'Huni', 1980-01-01);

INSERT INTO players (id, name, careerStartDate)
VALUES (128, 'Reignover', 1980-01-01);

INSERT INTO players (id, name, careerStartDate)
VALUES (129, 'Febiven', 1980-01-01);

INSERT INTO players (id, name, careerStartDate)
VALUES (130, 'Rekkles', 1980-01-01);

INSERT INTO players (id, name, careerStartDate)
VALUES (131, 'YellOwStaR', 1980-01-01);


INSERT INTO registers (playerID, teamID, teamRegion, dateJoined, dateLeft)
VALUES (127, 'FNC', 'EU', 1980-01-01, 1980-01-02);

INSERT INTO registers (playerID, teamID, teamRegion, dateJoined, dateLeft)
VALUES (128, 'FNC', 'EU', 1980-01-01, 1980-01-02);

INSERT INTO registers (playerID, teamID, teamRegion, dateJoined, dateLeft)
VALUES (129, 'FNC', 'EU', 1980-01-01, 1980-01-02);

INSERT INTO registers (playerID, teamID, teamRegion, dateJoined, dateLeft)
VALUES (130, 'FNC', 'EU', 1980-01-01, 1980-01-02);

INSERT INTO registers (playerID, teamID, teamRegion, dateJoined, dateLeft)
VALUES (131, 'FNC', 'EU', 1980-01-01, 1980-01-02);

-- Flash Wolves

INSERT INTO teams (id, region, name)
VALUES ('FW', 'LMS', 'Flash Wolves');

INSERT INTO participates (tournamentID, teamID, teamRegion, year, stageReached)
VALUES ('World Championship', 'FW', 'LMS', 2015, 'quarterfinals');


INSERT INTO players (id, name, careerStartDate)
VALUES (27, 'Steak', 1980-01-01);

INSERT INTO players (id, name, careerStartDate)
VALUES (28, 'Karsa', 1980-01-01);

INSERT INTO players (id, name, careerStartDate)
VALUES (29, 'Maple', 1980-01-01);

INSERT INTO players (id, name, careerStartDate)
VALUES (30, 'NL', 1980-01-01);

INSERT INTO players (id, name, careerStartDate)
VALUES (31, 'SwordArt', 1980-01-01);


INSERT INTO registers (playerID, teamID, teamRegion, dateJoined, dateLeft)
VALUES (27, 'FW', 'LMS', 1980-01-01, 1980-01-02);

INSERT INTO registers (playerID, teamID, teamRegion, dateJoined, dateLeft)
VALUES (28, 'FW', 'LMS', 1980-01-01, 1980-01-02);

INSERT INTO registers (playerID, teamID, teamRegion, dateJoined, dateLeft)
VALUES (29, 'FW', 'LMS', 1980-01-01, 1980-01-02);

INSERT INTO registers (playerID, teamID, teamRegion, dateJoined, dateLeft)
VALUES (30, 'FW', 'LMS', 1980-01-01, 1980-01-02);

INSERT INTO registers (playerID, teamID, teamRegion, dateJoined, dateLeft)
VALUES (31, 'FW', 'LMS', 1980-01-01, 1980-01-02);


-- H2K

INSERT INTO teams (id, region, name)
VALUES ('H2K', 'EU', 'H2k');

INSERT INTO participates (tournamentID, teamID, teamRegion, year, stageReached)
VALUES ('World Championship', 'H2K', 'EU', 2015, 'groups');


INSERT INTO players (id, name, careerStartDate)
VALUES (37, 'Odoamne', 1980-01-01);

INSERT INTO players (id, name, careerStartDate)
VALUES (38, 'loulex', 1980-01-01);

INSERT INTO players (id, name, careerStartDate)
VALUES (39, 'Ryu', 1980-01-01);

INSERT INTO players (id, name, careerStartDate)
VALUES (40, 'Hjarnan', 1980-01-01);

INSERT INTO players (id, name, careerStartDate)
VALUES (41, 'KaSing', 1980-01-01);


INSERT INTO registers (playerID, teamID, teamRegion, dateJoined, dateLeft)
VALUES (37, 'H2K', 'EU', 1980-01-01, 1980-01-02);

INSERT INTO registers (playerID, teamID, teamRegion, dateJoined, dateLeft)
VALUES (38, 'H2K', 'EU', 1980-01-01, 1980-01-02);

INSERT INTO registers (playerID, teamID, teamRegion, dateJoined, dateLeft)
VALUES (39, 'H2K', 'EU', 1980-01-01, 1980-01-02);

INSERT INTO registers (playerID, teamID, teamRegion, dateJoined, dateLeft)
VALUES (40, 'H2K', 'EU', 1980-01-01, 1980-01-02);

INSERT INTO registers (playerID, teamID, teamRegion, dateJoined, dateLeft)
VALUES (41, 'H2K', 'EU', 1980-01-01, 1980-01-02);

-- Invictus Gaming

INSERT INTO teams (id, region, name)
VALUES ('IG', 'LPL', 'Invictus Gaming');

INSERT INTO participates (tournamentID, teamID, teamRegion, year, stageReached)
VALUES ('World Championship', 'IG', 'LPL', 2015, 'groups');


INSERT INTO players (id, name, careerStartDate)
VALUES (47, 'Zzitai', 1980-01-01);

INSERT INTO players (id, name, careerStartDate)
VALUES (48, 'KaKAO', 1980-01-01);

INSERT INTO players (id, name, careerStartDate)
VALUES (49, 'RooKie', 1980-01-01);

INSERT INTO players (id, name, careerStartDate)
VALUES (50, 'Kid', 1980-01-01);

INSERT INTO players (id, name, careerStartDate)
VALUES (51, 'Kitties', 1980-01-01);


INSERT INTO registers (playerID, teamID, teamRegion, dateJoined, dateLeft)
VALUES (47, 'IG', 'LPL', 1980-01-01, 1980-01-02);

INSERT INTO registers (playerID, teamID, teamRegion, dateJoined, dateLeft)
VALUES (48, 'IG', 'LPL', 1980-01-01, 1980-01-02);

INSERT INTO registers (playerID, teamID, teamRegion, dateJoined, dateLeft)
VALUES (49, 'IG', 'LPL', 1980-01-01, 1980-01-02);

INSERT INTO registers (playerID, teamID, teamRegion, dateJoined, dateLeft)
VALUES (50, 'IG', 'LPL', 1980-01-01, 1980-01-02);

INSERT INTO registers (playerID, teamID, teamRegion, dateJoined, dateLeft)
VALUES (51, 'IG', 'LPL', 1980-01-01, 1980-01-02);

-- Koo Tigers

INSERT INTO teams (id, region, name)
VALUES ('KOO', 'LCK', 'Koo Tigers');

INSERT INTO participates (tournamentID, teamID, teamRegion, year, stageReached)
VALUES ('World Championship', 'KOO', 'LCK', 2015, 'finals');


INSERT INTO players (id, name, careerStartDate)
VALUES (57, 'Smeb', 1980-01-01);

INSERT INTO players (id, name, careerStartDate)
VALUES (58, 'hojin', 1980-01-01);

INSERT INTO players (id, name, careerStartDate)
VALUES (59, 'Kuro', 1980-01-01);

INSERT INTO players (id, name, careerStartDate)
VALUES (60, 'PraY', 1980-01-01);

INSERT INTO players (id, name, careerStartDate)
VALUES (61, 'GorillA', 1980-01-01);


INSERT INTO registers (playerID, teamID, teamRegion, dateJoined, dateLeft)
VALUES (57, 'KOO', 'LCK', 1980-01-01, 1980-01-02);

INSERT INTO registers (playerID, teamID, teamRegion, dateJoined, dateLeft)
VALUES (58, 'KOO', 'LCK', 1980-01-01, 1980-01-02);

INSERT INTO registers (playerID, teamID, teamRegion, dateJoined, dateLeft)
VALUES (59, 'KOO', 'LCK', 1980-01-01, 1980-01-02);

INSERT INTO registers (playerID, teamID, teamRegion, dateJoined, dateLeft)
VALUES (60, 'KOO', 'LCK', 1980-01-01, 1980-01-02);

INSERT INTO registers (playerID, teamID, teamRegion, dateJoined, dateLeft)
VALUES (61, 'KOO', 'LCK', 1980-01-01, 1980-01-02);

-- KT Rollster

INSERT INTO teams (id, region, name)
VALUES ('KT', 'LCK', 'KT Rollster');

INSERT INTO participates (tournamentID, teamID, teamRegion, year, stageReached)
VALUES ('World Championship', 'KT', 'LCK', 2015, 'quarterfinals');


INSERT INTO players (id, name, careerStartDate)
VALUES (67, 'Ssumday', 1980-01-01);

INSERT INTO players (id, name, careerStartDate)
VALUES (68, 'Score', 1980-01-01);

INSERT INTO players (id, name, careerStartDate)
VALUES (69, 'Nagne', 1980-01-01);

INSERT INTO players (id, name, careerStartDate)
VALUES (70, 'Arrow', 1980-01-01);

INSERT INTO players (id, name, careerStartDate)
VALUES (71, 'Piccaboo', 1980-01-01);


INSERT INTO registers (playerID, teamID, teamRegion, dateJoined, dateLeft)
VALUES (67, 'KT', 'LCK', 1980-01-01, 1980-01-02);

INSERT INTO registers (playerID, teamID, teamRegion, dateJoined, dateLeft)
VALUES (68, 'KT', 'LCK', 1980-01-01, 1980-01-02);

INSERT INTO registers (playerID, teamID, teamRegion, dateJoined, dateLeft)
VALUES (69, 'KT', 'LCK', 1980-01-01, 1980-01-02);

INSERT INTO registers (playerID, teamID, teamRegion, dateJoined, dateLeft)
VALUES (70, 'KT', 'LCK', 1980-01-01, 1980-01-02);

INSERT INTO registers (playerID, teamID, teamRegion, dateJoined, dateLeft)
VALUES (71, 'KT', 'LCK', 1980-01-01, 1980-01-02);

-- LGD Gaming

INSERT INTO teams (id, region, name)
VALUES ('LGD', 'LPL', 'LGD Gaming');

INSERT INTO participates (tournamentID, teamID, teamRegion, year, stageReached)
VALUES ('World Championship', 'LGD', 'LPL', 2015, 'groups');


INSERT INTO players (id, name, careerStartDate)
VALUES (77, 'Acorn', 1980-01-01);

INSERT INTO players (id, name, careerStartDate)
VALUES (78, 'TBQ', 1980-01-01);

INSERT INTO players (id, name, careerStartDate)
VALUES (79, 'GODV', 1980-01-01);

INSERT INTO players (id, name, careerStartDate)
VALUES (80, 'imp', 1980-01-01);

INSERT INTO players (id, name, careerStartDate)
VALUES (81, 'Pyl', 1980-01-01);


INSERT INTO registers (playerID, teamID, teamRegion, dateJoined, dateLeft)
VALUES (77, 'LGD', 'LPL', 1980-01-01, 1980-01-02);

INSERT INTO registers (playerID, teamID, teamRegion, dateJoined, dateLeft)
VALUES (78, 'LGD', 'LPL', 1980-01-01, 1980-01-02);

INSERT INTO registers (playerID, teamID, teamRegion, dateJoined, dateLeft)
VALUES (79, 'LGD', 'LPL', 1980-01-01, 1980-01-02);

INSERT INTO registers (playerID, teamID, teamRegion, dateJoined, dateLeft)
VALUES (80, 'LGD', 'LPL', 1980-01-01, 1980-01-02);

INSERT INTO registers (playerID, teamID, teamRegion, dateJoined, dateLeft)
VALUES (81, 'LGD', 'LPL', 1980-01-01, 1980-01-02);

-- Origen

INSERT INTO teams (id, region, name)
VALUES ('OG', 'EU', 'Origen');

INSERT INTO participates (tournamentID, teamID, teamRegion, year, stageReached)
VALUES ('World Championship', 'OG', 'EU', 2015, 'semifinals');


INSERT INTO players (id, name, careerStartDate)
VALUES (87, 'sOAZ', 1980-01-01);

INSERT INTO players (id, name, careerStartDate)
VALUES (88, 'Amazing', 1980-01-01);

INSERT INTO players (id, name, careerStartDate)
VALUES (89, 'xPeke', 1980-01-01);

INSERT INTO players (id, name, careerStartDate)
VALUES (90, 'Niels', 1980-01-01);

INSERT INTO players (id, name, careerStartDate)
VALUES (91, 'Mithy', 1980-01-01);


INSERT INTO registers (playerID, teamID, teamRegion, dateJoined, dateLeft)
VALUES (87, 'OG', 'EU', 1980-01-01, 1980-01-02);

INSERT INTO registers (playerID, teamID, teamRegion, dateJoined, dateLeft)
VALUES (88, 'OG', 'EU', 1980-01-01, 1980-01-02);

INSERT INTO registers (playerID, teamID, teamRegion, dateJoined, dateLeft)
VALUES (89, 'OG', 'EU', 1980-01-01, 1980-01-02);

INSERT INTO registers (playerID, teamID, teamRegion, dateJoined, dateLeft)
VALUES (90, 'OG', 'EU', 1980-01-01, 1980-01-02);

INSERT INTO registers (playerID, teamID, teamRegion, dateJoined, dateLeft)
VALUES (91, 'OG', 'EU', 1980-01-01, 1980-01-02);

-- paiN Gaming

INSERT INTO teams (id, region, name)
VALUES ('PAIN', 'IWC', 'paiN Gaming');

INSERT INTO participates (tournamentID, teamID, teamRegion, year, stageReached)
VALUES ('World Championship', 'PAIN', 'IWC', 2015, 'groups');


INSERT INTO players (id, name, careerStartDate)
VALUES (117, 'Mylon', 1980-01-01);

INSERT INTO players (id, name, careerStartDate)
VALUES (118, 'SirT', 1980-01-01);

INSERT INTO players (id, name, careerStartDate)
VALUES (119, 'Kami', 1980-01-01);

INSERT INTO players (id, name, careerStartDate)
VALUES (120, 'brTT', 1980-01-01);

INSERT INTO players (id, name, careerStartDate)
VALUES (121, 'Dioud', 1980-01-01);


INSERT INTO registers (playerID, teamID, teamRegion, dateJoined, dateLeft)
VALUES (117, 'PAIN', 'IWC', 1980-01-01, 1980-01-02);

INSERT INTO registers (playerID, teamID, teamRegion, dateJoined, dateLeft)
VALUES (118, 'PAIN', 'IWC', 1980-01-01, 1980-01-02);

INSERT INTO registers (playerID, teamID, teamRegion, dateJoined, dateLeft)
VALUES (119, 'PAIN', 'IWC', 1980-01-01, 1980-01-02);

INSERT INTO registers (playerID, teamID, teamRegion, dateJoined, dateLeft)
VALUES (120, 'PAIN', 'IWC', 1980-01-01, 1980-01-02);

INSERT INTO registers (playerID, teamID, teamRegion, dateJoined, dateLeft)
VALUES (121, 'PAIN', 'IWC', 1980-01-01, 1980-01-02);

-- SK Telecom T1

INSERT INTO teams (id, region, name)
VALUES ('SKT', 'LCK', 'SK Telecom T1');

INSERT INTO participates (tournamentID, teamID, teamRegion, year, stageReached)
VALUES ('World Championship', 'SKT', 'LCK', 2015, 'finals');


INSERT INTO players (id, name, careerStartDate)
VALUES (97, 'MaRin', 1980-01-01);

INSERT INTO players (id, name, careerStartDate)
VALUES (98, 'bengi', 1980-01-01);

INSERT INTO players (id, name, careerStartDate)
VALUES (1, 'Faker', 1980-01-01);

INSERT INTO players (id, name, careerStartDate)
VALUES (100, 'Bang', 1980-01-01);

INSERT INTO players (id, name, careerStartDate)
VALUES (101, 'Wolf', 1980-01-01);


INSERT INTO registers (playerID, teamID, teamRegion, dateJoined, dateLeft)
VALUES (97, 'SKT', 'LCK', 1980-01-01, 1980-01-02);

INSERT INTO registers (playerID, teamID, teamRegion, dateJoined, dateLeft)
VALUES (98, 'SKT', 'LCK', 1980-01-01, 1980-01-02);

INSERT INTO registers (playerID, teamID, teamRegion, dateJoined, dateLeft)
VALUES (99, 'SKT', 'LCK', 1980-01-01, 1980-01-02);

INSERT INTO registers (playerID, teamID, teamRegion, dateJoined, dateLeft)
VALUES (100, 'SKT', 'LCK', 1980-01-01, 1980-01-02);

INSERT INTO registers (playerID, teamID, teamRegion, dateJoined, dateLeft)
VALUES (101, 'SKT', 'LCK', 1980-01-01, 1980-01-02);

-- Team SoloMid

INSERT INTO teams (id, region, name)
VALUES ('TSM', 'NA', 'Team SoloMid');

INSERT INTO participates (tournamentID, teamID, teamRegion, year, stageReached)
VALUES ('World Championship', 'TSM', 'NA', 2015, 'groups');


INSERT INTO players (id, name, careerStartDate)
VALUES (107, 'Dyrus', 1980-01-01);

INSERT INTO players (id, name, careerStartDate)
VALUES (108, 'Santorin', 1980-01-01);

INSERT INTO players (id, name, careerStartDate)
VALUES (109, 'Bjergsen', 1980-01-01);

INSERT INTO players (id, name, careerStartDate)
VALUES (110, 'WildTurtule', 1980-01-01);

INSERT INTO players (id, name, careerStartDate)
VALUES (111, 'Lustboy', 1980-01-01);


INSERT INTO registers (playerID, teamID, teamRegion, dateJoined, dateLeft)
VALUES (107, 'TSM', 'NA', 1980-01-01, 1980-01-02);

INSERT INTO registers (playerID, teamID, teamRegion, dateJoined, dateLeft)
VALUES (108, 'TSM', 'NA', 1980-01-01, 1980-01-02);

INSERT INTO registers (playerID, teamID, teamRegion, dateJoined, dateLeft)
VALUES (109, 'TSM', 'NA', 1980-01-01, 1980-01-02);

INSERT INTO registers (playerID, teamID, teamRegion, dateJoined, dateLeft)
VALUES (110, 'TSM', 'NA', 1980-01-01, 1980-01-02);

INSERT INTO registers (playerID, teamID, teamRegion, dateJoined, dateLeft)
VALUES (111, 'TSM', 'NA', 1980-01-01, 1980-01-02);

-- Series between FNC and EDG

INSERT INTO series (id, bestOfCount)
VALUES (50, 5);

INSERT INTO competes (team1ID, team1Region, team2ID, team2Region)
VALUES (FNC, NA, EDG, LPL)

INSERT INTO series (id, bestOfCount)
VALUES (52, 5);
